{
    "epoch": 0.5439575033200531,
    "eval_loss": 1.4690436124801636,
    "eval_runtime": 43.5533,
    "eval_samples_per_second": 18.208,
    "eval_steps_per_second": 9.115,
    "num_input_tokens_seen": 3607264
}